Filename	Pre-amp	Exp time,s	Nr acc	Gain	Width,ns	Additional multiplier
582	1	0.00077	3	1800	1000	1
583	1	0.00077	3	1800	1000	1
584	1	0.00077	3	1800	200	1
