Failinimi	Pre	Exp time,s	Nr acc	gain	width,ns	additional multiplier
2	1	0.00077	3	800	200	1
3	1	0.00077	3	800	200	1
4	1	0.00077	3	1800	200	1
